,0,1,2,3,4,5,6,7,8,9,10,11,12,13,14,15,16,17,18,19,20,21,22,23,24,25,26,27,28,29,30,31,32,33,34,35,36,37,38,39,40,41,42,43,44,45,46,47,48,49,50,51,52,53,54
karnataka_result.csv,(intercept),Total Teachers (Elementary),% Teachers: Government,% Teachers: Private Aided,% Teachers: Private Unaided,Pupil-Teacher Ratio: Elementary,% Female Teachers,% SC Teachers,% ST Teachers,% OBC Teachers,% Teachers Recieved in-Service Training,% Contract Teachers to Total Teachers,Enrolment: Classes I-V,Enrolment: Classes VI-VIII,"Enrolment: Classes I-V, Government","Enrolment:Classes VI-VIII,Gov9e5.r1nment","Enrolment: Classes I-V, Priva9t1e.4","Enrolment: Classes VI-VIII, Private",% Girls Enrolment: Primary Le9v5e.8l,% Girls Enrolment: U.Primary9 0L.e5vel,Ratio of Girls Enr.to Boys: Primary,Ratio of Girls Enr.to Boys: U.Primary,% SC Enrolment: Classes I-VIII,% ST Enrolment: Classes  I-VII9I8.5,% OBC Enrolment: Primary Level,% OBC Enrolment:U.Primary Level,% Muslim Enrolment: Primary9 L8e.0vel,% Muslim Enrolment: U. Prima9r6y. 6Level,Ratio of Grade V to I,Avg. Repetition Rate: Primary Level,Avg.Repetition Rate: U.Primary Level,Avg. Drop-out Rate: Primary L9e6v.e2l,Retention Rate: Primary Level,Student-Classroom Ratio,% Schools with Drinking Water,% Schools with Common Toilet,% Schools with Boys' Toilet,% Schools with Girls' Toilet,% Schools with Boundarywall,% School with Playground Facility,% Schools with Ramp,% Schools havining Electricity,% Schools with Computer,% Schools Providing Mid-day Meal*,Number of Districts C4o.4vered,Total Schools,Total Government Schools,Total Private Schools,Ratio of Primary to U.PrimarySc8h.0./Sec.,Primary Sch./Sec.per 1000 Child Popln.,U.Prim. Sch./Sec.per 1000 Child Popln.,% Single-Teacher Schools with Enr.≥15,% Enrolment in Single-Teacher Schools,% Schools with Enrolme5n.6t ≤ 50,% Schools with Fema4le.6 Teachers
bihar_result.csv,(intercept),Total Teachers (Elementary),% Teachers: Government,% Teachers: Private Aided,% Teachers: Private Unaided,Pupil-Teacher Ratio: Elementary,% Female Teachers,% SC Teachers,% ST Teachers,% OBC Teachers,% Teachers Recieved in-Service Training,% Contract Teachers to Total Teachers,Enrolment: Classes I-V,Enrolment: Classes VI-VIII,"Enrolment: Classes I-V, Government","Enrolment:Classe4s0 V.9I-VIII,Government","Enrolment: Class3e3.s5 I-V, Private","Enrolment: Classes VI-VIII, Private",% Girls Enrolment: 4P9r.im5 ary Level,% Girls Enrolmen34t:. 4U.Primary Level,Ratio of Girls Enr.to Boys: Primary,Ratio of Girls Enr.to Boys: U.Primary,% SC Enrolment: Classes I-VIII,% ST Enrolment: Cl4a6s.9ses  I-VIII,% OBC Enrolment: Primary Level,% OBC Enrolment:U.Primary Level,% Muslim Enrolmen4t6: .P1 rimary Level,% Muslim Enrolme4n6t:. 5U. Primary Level,Ratio of Grade V to I,Avg. Repetition Rate: Primary Level,Avg.Repetition Rate: U.Primary Level,Avg. Drop-out Rate4: 6P.3rimary Level,Retention Rate: Primary Level,Student-Classroom Ratio,% Schools with Drinking Water,% Schools with Common Toilet,% Schools with Boys' Toilet,% Schools with Girls' Toilet,% Schools with Boundarywall,% School with Playground Facility,% Schools with Ramp,% Schools havining Electricity,% Schools with Computer,% Schools Providing Mid-day Meal*,Number of Dist3r.i4cts Covered,Total Schools,Total Government Schools,Total Private Schools,Ratio of Primary to U.P7.r2imarySch./Sec.,Primary Sch./Sec.per 1000 Child Popln.,U.Prim. Sch./Sec.per 1000 Child Popln.,% Single-Teacher Schools with Enr.≥15,% Enrolment in Single-Teacher Schools,% Schools with E4n.8rolment ≤ 50,% Schools with F4e.5male Teachers
telangana_result.csv,(intercept),Total Teachers (Elementary),% Teachers: Government,% Teachers: Private Aided,% Teachers: Private Unaided,Pupil-Teacher Ratio: Elementary,% Female Teachers,% SC Teachers,% ST Teachers,% OBC Teachers,% Teachers Recieved in-Service Training,,Enrolment: Classes I-V,Enrolment: Classes VI-VIII,"Enrolment: Classes I-V, Government","Enrolment:Classes VI-VIII,Government","Enrolment: Classes I-V, Private","Enrolment: Classes VI-VIII, Private",% Girls Enrolment: Primary Level,% Girls Enrolment: U.Primary Level,Ratio of Girls Enr.to Boys: Primary,Ratio of Girls Enr.to Boys: U.Primary,% SC Enrolment: Classes I-VIII,% ST Enrolment: Classes  I-VIII,% OBC Enrolment: Primary Level,% OBC Enrolment:U.Primary Level,% Muslim Enrolment: Primary Level,% Muslim Enrolment: U. Primary Level,Ratio of Grade V to I,Avg. Repetition Rate: Primary Level,Avg.Repetition Rate: U.Primary Level,Avg. Drop-out Rate: Primary Le9v7e.4l,Retention Rate: Primary Level,Student-Classroom Ratio,% Schools with Drinking Water,% Schools with Common Toilet,% Schools with Boys' Toilet,% Schools with Girls' Toilet,% Schools with Boundarywall,% School with Playground Facility,% Schools with Ramp,% Schools havining Electricity,% Schools with Computer,,Number of Districts Covered,Total Schools,Total Government Schools,Total Private Schools,Ratio of Primary to U.PrimarySch./Sec.,Primary Sch./Sec.per 1000 Child Popln.,U.Prim. Sch./Sec.per 1000 Child Popln.,% Single-Teacher Schools with Enr.≥15,% Enrolment in Single-Teacher Schools,% Schools with Enrolment ≤ 50,% Schools with Female Teachers
chhattisgarh_result.csv,(intercept),Total Teachers (Elementary),% Teachers: Government,% Teachers: Private Aided,% Teachers: Private Unaided,Pupil-Teacher Ratio: Elementary,% Female Teachers,% SC Teachers,% ST Teachers,% OBC Teachers,% Teachers Recieved in-Service Training,% Contract Teachers to Total Teachers,Enrolment: Classes I-V,Enrolment: Classes VI-VIII,"Enrolment: Classes I-V, Government","Enrolment:Classes VI5-V8.I9II,Government","Enrolment: Classes 5I-1V.1, Private","Enrolment: Classes VI-VIII, Private",% Girls Enrolment: Prim62a.4ry Level,% Girls Enrolment: U5.P5.r1imary Level,Ratio of Girls Enr.to Boys: Primary,Ratio of Girls Enr.to Boys: U.Primary,% SC Enrolment: Classes I-VIII,% ST Enrolment: Class6e2s. 4 I-VIII,% OBC Enrolment: Primary Level,% OBC Enrolment:U.Primary Level,% Muslim Enrolment: P60ri.m0 ary Level,% Muslim Enrolme4n4t.:3 U. Primary Level,Ratio of Grade V to I,Avg. Repetition Rate: Primary Level,Avg.Repetition Rate: U.Primary Level,Avg. Drop-out Rate: Prim66a.r9y Level,Retention Rate: Primary Level,Student-Classroom Ratio,% Schools with Drinking Water,% Schools with Common Toilet,% Schools with Boys' Toilet,% Schools with Girls' Toilet,% Schools with Boundarywall,% School with Playground Facility,% Schools with Ramp,% Schools havining Electricity,% Schools with Computer,% Schools Providing Mid-day Meal*,Number of Distric2t.9s Covered,Total Schools,Total Government Schools,Total Private Schools,Ratio of Primary to U.Primar7y.S0ch./Sec.,Primary Sch./Sec.per 1000 Child Popln.,U.Prim. Sch./Sec.per 1000 Child Popln.,% Single-Teacher Schools with Enr.≥15,% Enrolment in Single-Teacher Schools,% Schools with En3.r5olment ≤ 50,% Schools with F3e.m1 ale Teachers
tripura_result.csv,(intercept),Total Teachers (Elementary),% Teachers: Government,% Teachers: Private Aided,% Teachers: Private Unaided,Pupil-Teacher Ratio: Elementary,% Female Teachers,% SC Teachers,% ST Teachers,% OBC Teachers,% Teachers Recieved in-Service Training,% Contract Teachers to Total Teachers,Enrolment: Classes I-V,Enrolment: Classes VI-VIII,"Enrolment: Classes I-V, Government","Enrolment:Classes4 1V.8I-VIII,Government","Enrolment: Cl2a1s.s2es I-V, Private","Enrolment: Classes VI-VIII, Private",% Girls Enrolment:4 P6r.3imary Level,% Girls Enrolmen3t6: .U2 .Primary Level,Ratio of Girls Enr.to Boys: Primary,Ratio of Girls Enr.to Boys: U.Primary,% SC Enrolment: Classes I-VIII,% ST Enrolment: C41la.4sses  I-VIII,% OBC Enrolment: Primary Level,% OBC Enrolment:U.Primary Level,% Muslim Enrolme4n4t:. 5Primary Level,% Muslim En1r7o.l5ment: U. Primary Level,Ratio of Grade V to I,Avg. Repetition Rate: Primary Level,Avg.Repetition Rate: U.Primary Level,Avg. Drop-out Rate4: 4P.8rimary Level,Retention Rate: Primary Level,Student-Classroom Ratio,% Schools with Drinking Water,% Schools with Common Toilet,% Schools with Boys' Toilet,% Schools with Girls' Toilet,% Schools with Boundarywall,% School with Playground Facility,% Schools with Ramp,% Schools havining Electricity,% Schools with Computer,% Schools Providing Mid-day Meal*,Number of Districts C5o.3vered,Total Schools,Total Government Schools,Total Private Schools,Ratio of Primary to U.PrimarySc9h.7./Sec.,Primary Sch./Sec.per 1000 Child Popln.,U.Prim. Sch./Sec.per 1000 Child Popln.,% Single-Teacher Schools with Enr.≥15,% Enrolment in Single-Teacher Schools,% Schools with Enr4o.l8ment ≤ 50,% Schools with Fem4a.7le Teachers
jammu_result.csv,(intercept),Total Teachers (Elementary),% Teachers: Government,% Teachers: Private Aided,% Teachers: Private Unaided,Pupil-Teacher Ratio: Elementary,% Female Teachers,% SC Teachers,% ST Teachers,% OBC Teachers,% Teachers Recieved in-Service Training,% Contract Teachers to Total Teachers,Enrolment: Classes I-V,Enrolment: Classes VI-VIII,"Enrolment: Classes I-V, Government","Enrolment:Classes V5I-4V.0III,Government","Enrolment: Clas3s1e.s4 I-V, Private","Enrolment: Classes VI-VIII, Private",% Girls Enrolment: P50ri.m2 ary Level,% Girls Enrolme2n9.t1: U.Primary Level,Ratio of Girls Enr.to Boys: Primary,Ratio of Girls Enr.to Boys: U.Primary,% SC Enrolment: Classes I-VIII,% ST Enrolment: Cla5s2s.e9s  I-VIII,% OBC Enrolment: Primary Level,% OBC Enrolment:U.Primary Level,% Muslim Enrolment:5 P4.r0imary Level,% Muslim Enrolm34e.n9t: U. Primary Level,Ratio of Grade V to I,Avg. Repetition Rate: Primary Level,Avg.Repetition Rate: U.Primary Level,Avg. Drop-out Rate: P53ri.m9 ary Level,Retention Rate: Primary Level,Student-Classroom Ratio,% Schools with Drinking Water,% Schools with Common Toilet,% Schools with Boys' Toilet,% Schools with Girls' Toilet,% Schools with Boundarywall,% School with Playground Facility,% Schools with Ramp,% Schools havining Electricity,% Schools with Computer,% Schools Providing Mid-day Meal*,Number of Distri3c.t3s Covered,Total Schools,Total Government Schools,Total Private Schools,Ratio of Primary to U.PrimarySch1./0S.7ec.,Primary Sch./Sec.per 1000 Child Popln.,U.Prim. Sch./Sec.per 1000 Child Popln.,% Single-Teacher Schools with Enr.≥15,% Enrolment in Single-Teacher Schools,% Schools with En4ro.6lment ≤ 50,% Schools with F3e.4male Teachers
lakshadweep_result.csv,(intercept),Total Teachers (Elementary),% Teachers: Government,% Teachers: Private Aided,% Teachers: Private Unaided,Pupil-Teacher Ratio: Elementary,% Female Teachers,% SC Teachers,% ST Teachers,% OBC Teachers,% Teachers Recieved in-Service Training,% Contract Teachers to Total Teachers,Enrolment: Classes I-V,Enrolment: Classes VI-VIII,"Enrolment: Classes I-V, Government","Enrolment:Classes VI-VIII,Gov9e5.r1nment","Enrolment: Classes I-V, Priva9t1e.4","Enrolment: Classes VI-VIII, Private",% Girls Enrolment: Primary Le9v5e.8l,% Girls Enrolment: U.Primary9 0L.e5vel,Ratio of Girls Enr.to Boys: Primary,Ratio of Girls Enr.to Boys: U.Primary,% SC Enrolment: Classes I-VIII,% ST Enrolment: Classes  I-VII9I8.5,% OBC Enrolment: Primary Level,% OBC Enrolment:U.Primary Level,% Muslim Enrolment: Primary9 L8e.0vel,% Muslim Enrolment: U. Prima9r6y. 6Level,Ratio of Grade V to I,Avg. Repetition Rate: Primary Level,Avg.Repetition Rate: U.Primary Level,Avg. Drop-out Rate: Primary L9e6v.e2l,Retention Rate: Primary Level,Student-Classroom Ratio,% Schools with Drinking Water,% Schools with Common Toilet,% Schools with Boys' Toilet,% Schools with Girls' Toilet,% Schools with Boundarywall,% School with Playground Facility,% Schools with Ramp,% Schools havining Electricity,% Schools with Computer,% Schools Providing Mid-day Meal*,Number of Districts C4o.4vered,Total Schools,Total Government Schools,Total Private Schools,Ratio of Primary to U.PrimarySc8h.0./Sec.,Primary Sch./Sec.per 1000 Child Popln.,U.Prim. Sch./Sec.per 1000 Child Popln.,% Single-Teacher Schools with Enr.≥15,% Enrolment in Single-Teacher Schools,% Schools with Enrolme5n.6t ≤ 50,% Schools with Fema4le.6 Teachers
gujarat_result.csv,(intercept),Total Teachers (Elementary),% Teachers: Government,% Teachers: Private Aided,% Teachers: Private Unaided,Pupil-Teacher Ratio: Elementary,% Female Teachers,% SC Teachers,% ST Teachers,% OBC Teachers,% Teachers Recieved in-Service Training,% Contract Teachers to Total Teachers,Enrolment: Classes I-V,Enrolment: Classes VI-VIII,"Enrolment: Classes I-V, Government","Enrolment:Classes VI-VIII,Gov9e5r.3nment","Enrolment: Classes I-V, Privat9e4.2","Enrolment: Classes VI-VIII, Private",% Girls Enrolment: Primary Le9v6e.8l,% Girls Enrolment: U.Primary9 L3e.9vel,Ratio of Girls Enr.to Boys: Primary,Ratio of Girls Enr.to Boys: U.Primary,% SC Enrolment: Classes I-VIII,% ST Enrolment: Classes  I-VII9I6.9,% OBC Enrolment: Primary Level,% OBC Enrolment:U.Primary Level,% Muslim Enrolment: Primary9 L8e.0vel,% Muslim Enrolment: U. Prim9a2r.y2 Level,Ratio of Grade V to I,Avg. Repetition Rate: Primary Level,Avg.Repetition Rate: U.Primary Level,Avg. Drop-out Rate: Primary L9e9v.e8l,Retention Rate: Primary Level,Student-Classroom Ratio,% Schools with Drinking Water,% Schools with Common Toilet,% Schools with Boys' Toilet,% Schools with Girls' Toilet,% Schools with Boundarywall,% School with Playground Facility,% Schools with Ramp,% Schools havining Electricity,% Schools with Computer,% Schools Providing Mid-day Meal*,Number of Districts C5o.3vered,Total Schools,Total Government Schools,Total Private Schools,Ratio of Primary to U.PrimaryS9c.2h./Sec.,Primary Sch./Sec.per 1000 Child Popln.,U.Prim. Sch./Sec.per 1000 Child Popln.,% Single-Teacher Schools with Enr.≥15,% Enrolment in Single-Teacher Schools,% Schools with Enrolmen7t. 1≤ 50,% Schools with Female 6T.4eachers
meghalaya_result.csv,(intercept),Total Teachers (Elementary),% Teachers: Government,% Teachers: Private Aided,% Teachers: Private Unaided,Pupil-Teacher Ratio: Elementary,% Female Teachers,% SC Teachers,% ST Teachers,% OBC Teachers,% Teachers Recieved in-Service Training,,Enrolment: Classes I-V,Enrolment: Classes VI-VIII,"Enrolment: Classes I-V, Government","Enrolment:Class3e2s.1 VI-VIII,Government","Enrolment: C15la.1sses I-V, Private","Enrolment: Classes VI-VIII, Private",% Girls Enrolme3n1t.0: Primary Level,% Girls Enro1lm5.2ent: U.Primary Level,Ratio of Girls Enr.to Boys: Primary,Ratio of Girls Enr.to Boys: U.Primary,% SC Enrolment: Classes I-VIII,% ST Enrolment:3 4C.l0asses  I-VIII,% OBC Enrolment: Primary Le1v00e.l0,% OBC Enrolment:U.Primary Level,% Muslim Enrolm31e.3nt: Primary Level,% Muslim E1n0.r7olment: U. Primary Level,Ratio of Grade V to I,Avg. Repetition Rate: Primary Level,Avg.Repetition Rate: U.Primary Level,Avg. Drop-out Rat3e8:. 4Primary Level,Retention Rate: Primary Level,Student-Classroom Ratio,% Schools with Drinking Water,% Schools with Common Toilet,% Schools with Boys' Toilet,% Schools with Girls' Toilet,% Schools with Boundarywall,% School with Playground Facility,% Schools with Ramp,% Schools havining Electricity,% Schools with Computer,% Schools Providing Mid-day Meal*,Number of Distr2ic.6ts Covered,Total Schools,Total Government Schools,Total Private Schools,Ratio of Primary to3 .U5.PrimarySch./Sec.,Primary Sch./Sec.per 1000 Child Popln.,U.Prim. Sch./Sec.per 1000 Child Popln.,% Single-Teacher Schools with Enr.≥15,% Enrolment in Single-Teacher Schools,% Schools with E3.n0rolment ≤ 50,% Schools with 2F.e7male Teachers
a&n_result.csv,(intercept),Total Teachers (Elementary),% Teachers: Government,% Teachers: Private Aided,% Teachers: Private Unaided,Pupil-Teacher Ratio: Elementary,% Female Teachers,% SC Teachers,% ST Teachers,% OBC Teachers,% Teachers Recieved in-Service Training,% Contract Teachers to Total Teachers,Enrolment: Classes I-V,Enrolment: Classes VI-VIII,"Enrolment: Classes I-V, Government","Enrolment:Classes VI-VIII,Gov9e8rn.9ment","Enrolment: Classes I-V, Priv8a3.t9e","Enrolment: Classes VI-VIII, Private",% Girls Enrolment: Primary Le9v7e.l6,% Girls Enrolment: U.Primary9 0L.e8vel,Ratio of Girls Enr.to Boys: Primary,Ratio of Girls Enr.to Boys: U.Primary,% SC Enrolment: Classes I-VIII,% ST Enrolment: Classes  I-VII9I 9.0,% OBC Enrolment: Primary Level,% OBC Enrolment:U.Primary Level,% Muslim Enrolment: Primary L9e9v.3el,% Muslim Enrolment: U. Prim9a4ry.3 Level,Ratio of Grade V to I,Avg. Repetition Rate: Primary Level,Avg.Repetition Rate: U.Primary Level,Avg. Drop-out Rate: Primary Level,Retention Rate: Primary Level,Student-Classroom Ratio,% Schools with Drinking Water,% Schools with Common Toilet,% Schools with Boys' Toilet,% Schools with Girls' Toilet,% Schools with Boundarywall,% School with Playground Facility,% Schools with Ramp,% Schools havining Electricity,% Schools with Computer,% Schools Providing Mid-day Meal*,Number of Districts Covered,Total Schools,Total Government Schools,Total Private Schools,Ratio of Primary to U.Primary7S.c4h./Sec.,Primary Sch./Sec.per 1000 Child Popln.,U.Prim. Sch./Sec.per 1000 Child Popln.,% Single-Teacher Schools with Enr.≥15,% Enrolment in Single-Teacher Schools,% Schools with Enrolmen6t .1≤ 50,% Schools with Female T6e.a0chers
assam_result.csv,(intercept),Total Teachers (Elementary),% Teachers: Government,% Teachers: Private Aided,% Teachers: Private Unaided,Pupil-Teacher Ratio: Elementary,% Female Teachers,% SC Teachers,% ST Teachers,% OBC Teachers,% Teachers Recieved in-Service Training,% Contract Teachers to Total Teachers,Enrolment: Classes I-V,Enrolment: Classes VI-VIII,"Enrolment: Classes I-V, Government","Enrolment:Classe4s1 V.0I-VIII,Government","Enrolment: C13la.4sses I-V, Private","Enrolment: Classes VI-VIII, Private",% Girls Enrolment:4 P6r.7imary Level,% Girls Enro1l2m.9ent: U.Primary Level,Ratio of Girls Enr.to Boys: Primary,Ratio of Girls Enr.to Boys: U.Primary,% SC Enrolment: Classes I-VIII,% ST Enrolment: C4l3a.s3ses  I-VIII,% OBC Enrolment: Primary Level,% OBC Enrolment:U.Primary Level,% Muslim Enrolm3e6n.5t: Primary Level,% Muslim En1r8o.l6ment: U. Primary Level,Ratio of Grade V to I,Avg. Repetition Rate: Primary Level,Avg.Repetition Rate: U.Primary Level,Avg. Drop-out Ra3te7:. 8Primary Level,Retention Rate: Primary Level,Student-Classroom Ratio,% Schools with Drinking Water,% Schools with Common Toilet,% Schools with Boys' Toilet,% Schools with Girls' Toilet,% Schools with Boundarywall,% School with Playground Facility,% Schools with Ramp,% Schools havining Electricity,% Schools with Computer,% Schools Providing Mid-day Meal*,Number of Distric3ts.2 Covered,Total Schools,Total Government Schools,Total Private Schools,Ratio of Primary to U4.P.4rimarySch./Sec.,Primary Sch./Sec.per 1000 Child Popln.,U.Prim. Sch./Sec.per 1000 Child Popln.,% Single-Teacher Schools with Enr.≥15,% Enrolment in Single-Teacher Schools,% Schools with E3n.1rolment ≤ 50,% Schools with F3e.m1 ale Teachers
manipur_result.csv,(intercept),Total Teachers (Elementary),% Teachers: Government,% Teachers: Private Aided,% Teachers: Private Unaided,Pupil-Teacher Ratio: Elementary,% Female Teachers,% SC Teachers,% ST Teachers,% OBC Teachers,% Teachers Recieved in-Service Training,% Contract Teachers to Total Teachers,Enrolment: Classes I-V,Enrolment: Classes VI-VIII,"Enrolment: Classes I-V, Government","Enrolment:Classe36s. 3VI-VIII,Government","Enrolment: Clas3s1e.s7 I-V, Private","Enrolment: Classes VI-VIII, Private",% Girls Enrolmen3t:9 .P2rimary Level,% Girls Enrolm21e.1nt: U.Primary Level,Ratio of Girls Enr.to Boys: Primary,Ratio of Girls Enr.to Boys: U.Primary,% SC Enrolment: Classes I-VIII,% ST Enrolment:3 C5.l3asses  I-VIII,% OBC Enrolment: Primary Level,% OBC Enrolment:U.Primary Level,% Muslim Enrolm3e4n.5t: Primary Level,% Muslim Enro2lm8.0ent: U. Primary Level,Ratio of Grade V to I,Avg. Repetition Rate: Primary Level,Avg.Repetition Rate: U.Primary Level,Avg. Drop-out Rate4: 4P.7rimary Level,Retention Rate: Primary Level,Student-Classroom Ratio,% Schools with Drinking Water,% Schools with Common Toilet,% Schools with Boys' Toilet,% Schools with Girls' Toilet,% Schools with Boundarywall,% School with Playground Facility,% Schools with Ramp,% Schools havining Electricity,% Schools with Computer,% Schools Providing Mid-day Meal*,Number of Districts C4o.5vered,Total Schools,Total Government Schools,Total Private Schools,Ratio of Primary to U.PrimarySch.8/.S8ec.,Primary Sch./Sec.per 1000 Child Popln.,U.Prim. Sch./Sec.per 1000 Child Popln.,% Single-Teacher Schools with Enr.≥15,% Enrolment in Single-Teacher Schools,% Schools with Enrolme5n.6t ≤ 50,% Schools with Fema4.le3 Teachers
himachal_result.csv,(intercept),Total Teachers (Elementary),% Teachers: Government,% Teachers: Private Aided,% Teachers: Private Unaided,Pupil-Teacher Ratio: Elementary,% Female Teachers,% SC Teachers,% ST Teachers,% OBC Teachers,% Teachers Recieved in-Service Training,% Contract Teachers to Total Teachers,Enrolment: Classes I-V,Enrolment: Classes VI-VIII,"Enrolment: Classes I-V, Government","Enrolment:Classes VI-VIII,Go9v1e.4rnment","Enrolment: Classes I-V, Pr7iv8.a3te","Enrolment: Classes VI-VIII, Private",% Girls Enrolment: Primary Le9v4e.8l,% Girls Enrolment: U.Prim7a9ry.0 Level,Ratio of Girls Enr.to Boys: Primary,Ratio of Girls Enr.to Boys: U.Primary,% SC Enrolment: Classes I-VIII,% ST Enrolment: Classes  I-VI9II6.5,% OBC Enrolment: Primary Level,% OBC Enrolment:U.Primary Level,% Muslim Enrolment: Primary 9L4e.5vel,% Muslim Enrolment: U. Prim87a.2ry Level,Ratio of Grade V to I,Avg. Repetition Rate: Primary Level,Avg.Repetition Rate: U.Primary Level,Avg. Drop-out Rate: Primary L9e5v.e7l,Retention Rate: Primary Level,Student-Classroom Ratio,% Schools with Drinking Water,% Schools with Common Toilet,% Schools with Boys' Toilet,% Schools with Girls' Toilet,% Schools with Boundarywall,% School with Playground Facility,% Schools with Ramp,% Schools havining Electricity,% Schools with Computer,% Schools Providing Mid-day Meal*,Number of Distr3ic.2ts Covered,Total Schools10.2,Total Government Schools,Total Private Schools,Ratio of Primary to U.PrimarySch1.0/S.5ec.,Primary Sch./Sec.per 1000 Child Popln.,U.Prim. Sch./Sec.per 1000 Child Popln.,% Single-Teacher Schools with Enr.≥15,% Enrolment in Single-Teacher Schools,% Schools with E3n.8rolment ≤ 50,% Schools with 3F.1emale Teachers
nagaland_result.csv,(intercept),Total Teachers (Elementary),% Teachers: Government,% Teachers: Private Aided,% Teachers: Private Unaided,Pupil-Teacher Ratio: Elementary,% Female Teachers,% SC Teachers,% ST Teachers,% OBC Teachers,% Teachers Recieved in-Service Training,,Enrolment: Classes I-V,Enrolment: Classes VI-VIII,"Enrolment: Classes I-V, Government","Enrolment:Cla2s1s.7es VI-VIII,Government","Enrolment: Class3e7s. 6I-V, Private","Enrolment: Classes VI-VIII, Private",% Girls Enrolm2e6n.5t: Primary Level,% Girls Enrolme3n1t.:1 U.Primary Level,Ratio of Girls Enr.to Boys: Primary,Ratio of Girls Enr.to Boys: U.Primary,% SC Enrolment: Classes I-VIII,% ST Enrolment3: 1C.7lasses  I-VIII,% OBC Enrolment: Primary Level,% OBC Enrolment:U.Primary Level,% Muslim Enrolm32e.n6t: Primary Level,% Muslim Enro2lm9.e2nt: U. Primary Level,Ratio of Grade V to I,Avg. Repetition Rate: Primary Level,Avg.Repetition Rate: U.Primary Level,Avg. Drop-out R3a1te.4: Primary Level,Retention Rate: Primary Level,Student-Classroom Ratio,% Schools with Drinking Water,% Schools with Common Toilet,% Schools with Boys' Toilet,% Schools with Girls' Toilet,% Schools with Boundarywall,% School with Playground Facility,% Schools with Ramp,% Schools havining Electricity,% Schools with Computer,% Schools Providing Mid-day Meal*,Number of Districts 5C.5overed,Total Schools,Total Government Schools,Total Private Schools,Ratio of Primary to U.PrimarySch1./2S.2ec.,Primary Sch./Sec.per 1000 Child Popln.,U.Prim. Sch./Sec.per 1000 Child Popln.,% Single-Teacher Schools with Enr.≥15,% Enrolment in Single-Teacher Schools,% Schools with Enro6lm.3ent ≤ 50,% Schools with Fem5.a2le Teachers
odisha_result.csv,(intercept),Total Teachers (Elementary),% Teachers: Government,% Teachers: Private Aided,% Teachers: Private Unaided,Pupil-Teacher Ratio: Elementary,% Female Teachers,% SC Teachers,% ST Teachers,% OBC Teachers,% Teachers Recieved in-Service Training,,Enrolment: Classes I-V,Enrolment: Classes VI-VIII,"Enrolment: Classes I-V, Government","Enrolment:Classes VI-VIII,7G8.o2vernment","Enrolment: Classes I5-V4.,1 Private","Enrolment: Classes VI-VIII, Private",% Girls Enrolment: Primary L8e9v.1el,% Girls Enrolment: U.5P6r.i2mary Level,Ratio of Girls Enr.to Boys: Primary,Ratio of Girls Enr.to Boys: U.Primary,% SC Enrolment: Classes I-VIII,% ST Enrolment: Classes  I-8V4I.I0I,% OBC Enrolment: Primary Level,% OBC Enrolment:U.Primary Level,% Muslim Enrolment: Prim7a6r.y8 Level,% Muslim Enrolment: U6. 7P.7rimary Level,Ratio of Grade V to I,Avg. Repetition Rate: Primary Level,Avg.Repetition Rate: U.Primary Level,Avg. Drop-out Rate: Primary8 4L.e0vel,Retention Rate: Primary Level,Student-Classroom Ratio,% Schools with Drinking Water,% Schools with Common Toilet,% Schools with Boys' Toilet,% Schools with Girls' Toilet,% Schools with Boundarywall,% School with Playground Facility,% Schools with Ramp,% Schools havining Electricity,% Schools with Computer,,Number of District3s. 5Covered,Total Schools,Total Government Schools,Total Private Schools,Ratio of Primary to U4.P.5rimarySch./Sec.,Primary Sch./Sec.per 1000 Child Popln.,U.Prim. Sch./Sec.per 1000 Child Popln.,% Single-Teacher Schools with Enr.≥15,% Enrolment in Single-Teacher Schools,% Schools with En3.r5olment ≤ 50,% Schools with Fe3m.4ale Teachers
daman_result.csv,(intercept),Total Teachers (Elementary),% Teachers: Government,% Teachers: Private Aided,% Teachers: Private Unaided,Pupil-Teacher Ratio: Elementary,% Female Teachers,% SC Teachers,% ST Teachers,% OBC Teachers,% Teachers Recieved in-Service Training,% Contract Teachers to Total Teachers,Enrolment: Classes I-V,Enrolment: Classes VI-VIII,"Enrolment: Classes I-V, Government","Enrolment:Classes VI-VIII,Go9v2e.0rnment","Enrolment: Classes I-V, Privat1e00.0","Enrolment: Classes VI-VIII, Private",% Girls Enrolment: Primary L9e0v.5el,% Girls Enrolment: U.P60ri.m0 ary Level,Ratio of Girls Enr.to Boys: Primary,Ratio of Girls Enr.to Boys: U.Primary,% SC Enrolment: Classes I-VIII,% ST Enrolment: Classes  I-V9II3I .6,% OBC Enrolment: Primary Level,% OBC Enrolment:U.Primary Level,% Muslim Enrolment: Primary9 L3e.7vel,% Muslim Enrolment: U. Prim1a0ry0 .L0evel,Ratio of Grade V to I,Avg. Repetition Rate: Primary Level,Avg.Repetition Rate: U.Primary Level,Avg. Drop-out Rate: Primary 8L9e.1vel,Retention Rate: Primary Level,Student-Classroom Ratio,% Schools with Drinking Water,% Schools with Common Toilet,% Schools with Boys' Toilet,% Schools with Girls' Toilet,% Schools with Boundarywall,% School with Playground Facility,% Schools with Ramp,% Schools havining Electricity,% Schools with Computer,% Schools Providing Mid-day Meal*,Number of Distr5ic.1ts Covered,Total Schools,Total Government Schools,Total Private Schools,Ratio of Primary to U.Prim11a.r9ySch./Sec.,Primary Sch./Sec.per 1000 Child Popln.,U.Prim. Sch./Sec.per 1000 Child Popln.,% Single-Teacher Schools with Enr.≥15,% Enrolment in Single-Teacher Schools,% Schools with E6n.r9olment ≤ 50,% Schools with 5F.2emale Teachers
mizoram_result.csv,(intercept),Total Teachers (Elementary),% Teachers: Government,% Teachers: Private Aided,% Teachers: Private Unaided,Pupil-Teacher Ratio: Elementary,% Female Teachers,% SC Teachers,% ST Teachers,% OBC Teachers,% Teachers Recieved in-Service Training,% Contract Teachers to Total Teachers,Enrolment: Classes I-V,Enrolment: Classes VI-VIII,"Enrolment: Classes I-V, Government","Enrolment:Classes VI-V6II8I,.0Government","Enrolment: Cl2a1s.s8es I-V, Private","Enrolment: Classes VI-VIII, Private",% Girls Enrolment: Prim7a0ry.2 Level,% Girls Enrol1m8e.7nt: U.Primary Level,Ratio of Girls Enr.to Boys: Primary,Ratio of Girls Enr.to Boys: U.Primary,% SC Enrolment: Classes I-VIII,% ST Enrolment: Class5e9.s6  I-VIII,% OBC Enrolment: Primary Level,% OBC Enrolment:U.Primary Level,% Muslim Enrolmen4t7: .P8rimary Level,% Muslim En1r6o.6lment: U. Primary Level,Ratio of Grade V to I,Avg. Repetition Rate: Primary Level,Avg.Repetition Rate: U.Primary Level,Avg. Drop-out Rate: Primary L9e4v.e9l,Retention Rate: Primary Level,Student-Classroom Ratio,% Schools with Drinking Water,% Schools with Common Toilet,% Schools with Boys' Toilet,% Schools with Girls' Toilet,% Schools with Boundarywall,% School with Playground Facility,% Schools with Ramp,% Schools havining Electricity,% Schools with Computer,% Schools Providing Mid-day Meal*,Number of Districts 4C.0overed,Total Schools,Total Government Schools,Total Private Schools,Ratio of Primary to U.Primary7S.1ch./Sec.,Primary Sch./Sec.per 1000 Child Popln.,U.Prim. Sch./Sec.per 1000 Child Popln.,% Single-Teacher Schools with Enr.≥15,% Enrolment in Single-Teacher Schools,% Schools with Enrolm4.e9nt ≤ 50,% Schools with Fem4a.l2e Teachers
jharkhand_result.csv,(intercept),Total Teachers (Elementary),% Teachers: Government,% Teachers: Private Aided,% Teachers: Private Unaided,Pupil-Teacher Ratio: Elementary,% Female Teachers,% SC Teachers,% ST Teachers,% OBC Teachers,% Teachers Recieved in-Service Training,% Contract Teachers to Total Teachers,Enrolment: Classes I-V,Enrolment: Classes VI-VIII,"Enrolment: Classes I-V, Government","Enrolment:Classes VI-VIII,8G0o.3vernment","Enrolment: Classe3s9 .I9-V, Private","Enrolment: Classes VI-VIII, Private",% Girls Enrolment: Primary8 L4e.3vel,% Girls Enrolment4: 1U.8.Primary Level,Ratio of Girls Enr.to Boys: Primary,Ratio of Girls Enr.to Boys: U.Primary,% SC Enrolment: Classes I-VIII,% ST Enrolment: Classes7  3I.-0VIII,% OBC Enrolment: Primary Level,% OBC Enrolment:U.Primary Level,% Muslim Enrolment: Prim73a.r9y Level,% Muslim Enrolment: U. 7P1r.i7mary Level,Ratio of Grade V to I,Avg. Repetition Rate: Primary Level,Avg.Repetition Rate: U.Primary Level,Avg. Drop-out Rate: Prima73ry.7 Level,Retention Rate: Primary Level,Student-Classroom Ratio,% Schools with Drinking Water,% Schools with Common Toilet,% Schools with Boys' Toilet,% Schools with Girls' Toilet,% Schools with Boundarywall,% School with Playground Facility,% Schools with Ramp,% Schools havining Electricity,% Schools with Computer,% Schools Providing Mid-day Meal*,Number of Distric3t.s7 Covered,Total Schools,Total Government Schools,Total Private Schools,Ratio of Primary to U.PrimarySch1./0S.4ec.,Primary Sch./Sec.per 1000 Child Popln.,U.Prim. Sch./Sec.per 1000 Child Popln.,% Single-Teacher Schools with Enr.≥15,% Enrolment in Single-Teacher Schools,% Schools with Enro5.l0ment ≤ 50,% Schools with Fem4.a6le Teachers
west_bengal_result.csv,(intercept),Total Teachers (Elementary),% Teachers: Government,% Teachers: Private Aided,% Teachers: Private Unaided,Pupil-Teacher Ratio: Elementary,% Female Teachers,% SC Teachers,% ST Teachers,% OBC Teachers,% Teachers Recieved in-Service Training,,Enrolment: Classes I-V,Enrolment: Classes VI-VIII,"Enrolment: Classes I-V, Government","Enrolment:Classes VI-VIII,7G8.o5vernment","Enrolment: C1la8s.8ses I-V, Private","Enrolment: Classes VI-VIII, Private",% Girls Enrolment: P5r3im.2ary Level,% Girls Enrol1m9e.1nt: U.Primary Level,Ratio of Girls Enr.to Boys: Primary,Ratio of Girls Enr.to Boys: U.Primary,% SC Enrolment: Classes I-VIII,% ST Enrolment: Cla5s2s.e5s  I-VIII,% OBC Enrolment: Primary Level,% OBC Enrolment:U.Primary Level,% Muslim Enrolment5: 1P.6rimary Level,% Muslim En1ro9.lm5 ent: U. Primary Level,Ratio of Grade V to I,Avg. Repetition Rate: Primary Level,Avg.Repetition Rate: U.Primary Level,Avg. Drop-out Rate: 5P0r.i9mary Level,Retention Rate: Primary Level,Student-Classroom Ratio,% Schools with Drinking Water,% Schools with Common Toilet,% Schools with Boys' Toilet,% Schools with Girls' Toilet,% Schools with Boundarywall,% School with Playground Facility,% Schools with Ramp,% Schools havining Electricity,% Schools with Computer,,Number of Districts 4C.0overed,Total Schools,Total Government Schools,Total Private Schools,Ratio of Primary to U.P5r.i0marySch./Sec.,Primary Sch./Sec.per 1000 Child Popln.,U.Prim. Sch./Sec.per 1000 Child Popln.,% Single-Teacher Schools with Enr.≥15,% Enrolment in Single-Teacher Schools,% Schools with Enro4l.m3 ent ≤ 50,% Schools with Fem4a.1le Teachers
India_result.csv,(intercept),Total Teachers (Elementary),% Teachers: Government,% Teachers: Private Aided,% Teachers: Private Unaided,Pupil-Teacher Ratio: Elementary,% Female Teachers,% SC Teachers,% ST Teachers,% OBC Teachers,% Teachers Recieved in-Service Training,% Contract Teachers to Total Teachers,Enrolment: Classes I-V,Enrolment: Classes VI-VIII,"Enrolment: Classes I-V, Government","Enrolment:Classes VI-VIII,G81o.v9ernment","Enrolment: Classe4s0 I.9-V, Private","Enrolment: Classes VI-VIII, Private",% Girls Enrolment: Primary8 1L.e0vel,% Girls Enrolment:4 U4..6Primary Level,Ratio of Girls Enr.to Boys: Primary,Ratio of Girls Enr.to Boys: U.Primary,% SC Enrolment: Classes I-VIII,% ST Enrolment: Classes  7I-9V.6III,% OBC Enrolment: Primary Level,% OBC Enrolment:U.Primary Level,% Muslim Enrolment: Prim7a8ry.6 Level,% Muslim Enrolment5: 4U.0. Primary Level,Ratio of Grade V to I,Avg. Repetition Rate: Primary Level,Avg.Repetition Rate: U.Primary Level,Avg. Drop-out Rate: Primar8y1 L.1evel,Retention Rate: Primary Level,Student-Classroom Ratio,% Schools with Drinking Water,% Schools with Common Toilet,% Schools with Boys' Toilet,% Schools with Girls' Toilet,% Schools with Boundarywall,% School with Playground Facility,% Schools with Ramp,% Schools havining Electricity,% Schools with Computer,% Schools Providing Mid-day Meal*,Number of Districts3 C.8overed,Total Schools8.0,Total Government Schools,Total Private Schools,Ratio of Primary to U.PrimarySc7.h9./Sec.,Primary Sch./Sec.per 1000 Child Popln.,U.Prim. Sch./Sec.per 1000 Child Popln.,% Single-Teacher Schools with Enr.≥15,% Enrolment in Single-Teacher Schools,% Schools with Enrolm4.e8nt ≤ 50,% Schools with Fem4a.0le Teachers
uttar_pradesh_result.csv,(intercept),Total Teachers (Elementary),% Teachers: Government,% Teachers: Private Aided,% Teachers: Private Unaided,Pupil-Teacher Ratio: Elementary,% Female Teachers,% SC Teachers,% ST Teachers,% OBC Teachers,% Teachers Recieved in-Service Training,% Contract Teachers to Total Teachers,Enrolment: Classes I-V,Enrolment: Classes VI-VIII,"Enrolment: Classes I-V, Government","Enrolment:Classes VI-VIII,G8o4v.6ernment","Enrolment: Class3e3s.7 I-V, Private","Enrolment: Classes VI-VIII, Private",% Girls Enrolment: Primary8 L4e.0vel,% Girls Enrolme3n4t:. 0U.Primary Level,Ratio of Girls Enr.to Boys: Primary,Ratio of Girls Enr.to Boys: U.Primary,% SC Enrolment: Classes I-VIII,% ST Enrolment: Classes  8I-0V.4III,% OBC Enrolment: Primary Le1v00e.l0,% OBC Enrolment:U.Primary Level,% Muslim Enrolment: Prim7a5.r1y Level,% Muslim Enrolm33e.6nt: U. Primary Level,Ratio of Grade V to I,Avg. Repetition Rate: Primary Level,Avg.Repetition Rate: U.Primary Level,Avg. Drop-out Rate: Prima7r7y. 2Level,Retention Rate: Primary Level,Student-Classroom Ratio,% Schools with Drinking Water,% Schools with Common Toilet,% Schools with Boys' Toilet,% Schools with Girls' Toilet,% Schools with Boundarywall,% School with Playground Facility,% Schools with Ramp,% Schools havining Electricity,% Schools with Computer,% Schools Providing Mid-day Meal*,Number of Districts 4C.0overed,Total Schools,Total Government Schools,Total Private Schools,Ratio of Primary to U.Prim6a.0rySch./Sec.,Primary Sch./Sec.per 1000 Child Popln.,U.Prim. Sch./Sec.per 1000 Child Popln.,% Single-Teacher Schools with Enr.≥15,% Enrolment in Single-Teacher Schools,% Schools with Enrolm4.8ent ≤ 50,% Schools with Fema4.le3 Teachers
uttarakhand_result.csv,(intercept),Total Teachers (Elementary),% Teachers: Government,% Teachers: Private Aided,% Teachers: Private Unaided,Pupil-Teacher Ratio: Elementary,% Female Teachers,% SC Teachers,% ST Teachers,% OBC Teachers,% Teachers Recieved in-Service Training,,Enrolment: Classes I-V,Enrolment: Classes VI-VIII,"Enrolment: Classes I-V, Government","Enrolment:Classes VI-VIII,8G0o.5vernment","Enrolment: Classe4s3 I.-6V, Private","Enrolment: Classes VI-VIII, Private",% Girls Enrolment: Primary8 L4e.4vel,% Girls Enrolment:4 2U..9Primary Level,Ratio of Girls Enr.to Boys: Primary,Ratio of Girls Enr.to Boys: U.Primary,% SC Enrolment: Classes I-VIII,% ST Enrolment: Classes  I8-V3.I5II,% OBC Enrolment: Primary Level,% OBC Enrolment:U.Primary Level,% Muslim Enrolment: Prima80ry.4 Level,% Muslim Enrolme4n5t:. 8U. Primary Level,Ratio of Grade V to I,Avg. Repetition Rate: Primary Level,Avg.Repetition Rate: U.Primary Level,Avg. Drop-out Rate: Primary8 L5.e5vel,Retention Rate: Primary Level,Student-Classroom Ratio,% Schools with Drinking Water,% Schools with Common Toilet,% Schools with Boys' Toilet,% Schools with Girls' Toilet,% Schools with Boundarywall,% School with Playground Facility,% Schools with Ramp,% Schools havining Electricity,% Schools with Computer,% Schools Providing Mid-day Meal*,Number of Distric2t.9s Covered,Total Schools,Total Government Schools,Total Private Schools,Ratio of Primary to U.Primar6y.8Sch./Sec.,Primary Sch./Sec.per 1000 Child Popln.,U.Prim. Sch./Sec.per 1000 Child Popln.,% Single-Teacher Schools with Enr.≥15,% Enrolment in Single-Teacher Schools,% Schools with En3ro.9lment ≤ 50,% Schools with F2e.9male Teachers
dadar_result.csv,(intercept),Total Teachers (Elementary),% Teachers: Government,% Teachers: Private Aided,% Teachers: Private Unaided,Pupil-Teacher Ratio: Elementary,% Female Teachers,% SC Teachers,% ST Teachers,% OBC Teachers,% Teachers Recieved in-Service Training,,Enrolment: Classes I-V,Enrolment: Classes VI-VIII,"Enrolment: Classes I-V, Government","Enrolment:Classes VI-VIII,Go9v3e.r8nment","Enrolment: Classes I-V, Privat1e00.0","Enrolment: Classes VI-VIII, Private",% Girls Enrolment: Primary Le9v6e.1l,% Girls Enrolment: U.Primary 1L0e0v.0el,Ratio of Girls Enr.to Boys: Primary,Ratio of Girls Enr.to Boys: U.Primary,% SC Enrolment: Classes I-VIII,% ST Enrolment: Classes  I-VI9I4I .4,% OBC Enrolment: Primary Level,% OBC Enrolment:U.Primary Level,% Muslim Enrolment: Primary9 L3e.1vel,% Muslim0. 0Enrolment: U. Primary Level,Ratio of Grade V to I,Avg. Repetition Rate: Primary Level,Avg.Repetition Rate: U.Primary Level,Avg. Drop-out Rate: Primary 9L0e.v7el,Retention Rate: Primary Level,Student-Classroom Ratio,% Schools with Drinking Water,% Schools with Common Toilet,% Schools with Boys' Toilet,% Schools with Girls' Toilet,% Schools with Boundarywall,% School with Playground Facility,% Schools with Ramp,% Schools havining Electricity,% Schools with Computer,% Schools Providing Mid-day Meal*,Number of Distr4ic.0ts Covered,Total Schools,Total Government Schools,Total Private Schools,Ratio of Primary to U.PrimarySch1.2/S.7ec.,Primary Sch./Sec.per 1000 Child Popln.,U.Prim. Sch./Sec.per 1000 Child Popln.,% Single-Teacher Schools with Enr.≥15,% Enrolment in Single-Teacher Schools,% Schools with E5n.r1olment ≤ 50,% Schools with F4e.5male Teachers
delhi_result.csv,(intercept),Total Teachers (Elementary),% Teachers: Government,% Teachers: Private Aided,% Teachers: Private Unaided,Pupil-Teacher Ratio: Elementary,% Female Teachers,% SC Teachers,% ST Teachers,% OBC Teachers,% Teachers Recieved in-Service Training,% Contract Teachers to Total Teachers,Enrolment: Classes I-V,Enrolment: Classes VI-VIII,"Enrolment: Classes I-V, Government","Enrolment:Classes VI-VIII,Gov9e9rn.1ment","Enrolment: Classes I-V, Private97.4","Enrolment: Classes VI-VIII, Private",% Girls Enrolment: Primary Le1v0e0l.0,% Girls Enrolment: U.Primary 1L0e0v.0el,Ratio of Girls Enr.to Boys: Primary,Ratio of Girls Enr.to Boys: U.Primary,% SC Enrolment: Classes I-VIII,% ST Enrolment: Classes  I-VI1I0I 0.0,% OBC Enrolment: Primary Level,% OBC Enrolment:U.Primary Level,% Muslim Enrolment: Primary 1L0e0v.0el,% Muslim0. 0Enrolment: U. Primary Level,Ratio of Grade V to I,Avg. Repetition Rate: Primary Level,Avg.Repetition Rate: U.Primary Level,Avg. Drop-out Rate: Primary L1e0v0e.l0,Retention Rate: Primary Level,Student-Classroom Ratio,% Schools with Drinking Water,% Schools with Common Toilet,% Schools with Boys' Toilet,% Schools with Girls' Toilet,% Schools with Boundarywall,% School with Playground Facility,% Schools with Ramp,% Schools havining Electricity,% Schools with Computer,,Number of Districts Covered,Total Schools,Total Government Schools,Total Private Schools,Ratio of Primary to U.PrimaryS1c5h.3./Sec.,Primary Sch./Sec.per 1000 Child Popln.,U.Prim. Sch./Sec.per 1000 Child Popln.,% Single-Teacher Schools with Enr.≥15,% Enrolment in Single-Teacher Schools,% Schools with Enrolment ≤1 35.06,% Schools with Female Teac1h4e.1rs
arunachal_result.csv,(intercept),Total Teachers (Elementary),% Teachers: Government,% Teachers: Private Aided,% Teachers: Private Unaided,Pupil-Teacher Ratio: Elementary,% Female Teachers,% SC Teachers,% ST Teachers,% OBC Teachers,% Teachers Recieved in-Service Training,% Contract Teachers to Total Teachers,Enrolment: Classes I-V,Enrolment: Classes VI-VIII,"Enrolment: Classes I-V, Government","Enrolment:Cla2s5s.e0s VI-VIII,Government","Enrolment:7 .C3lasses I-V, Private","Enrolment: Classes VI-VIII, Private",% Girls Enrolm2e6n.3t: Primary Level,% Girls En7ro.5lment: U.Primary Level,Ratio of Girls Enr.to Boys: Primary,Ratio of Girls Enr.to Boys: U.Primary,% SC Enrolment: Classes I-VIII,% ST Enrolme2n3t:. 7Classes  I-VIII,% OBC Enrolment: Primary Level,% OBC Enrolment:U.Primary Level,% Muslim Enro2lm5.2ent: Primary Level,% Muslim Enr2o1l.m4 ent: U. Primary Level,Ratio of Grade V to I,Avg. Repetition Rate: Primary Level,Avg.Repetition Rate: U.Primary Level,Avg. Drop-out Rate4:3 P.8rimary Level,Retention Rate: Primary Level,Student-Classroom Ratio,% Schools with Drinking Water,% Schools with Common Toilet,% Schools with Boys' Toilet,% Schools with Girls' Toilet,% Schools with Boundarywall,% School with Playground Facility,% Schools with Ramp,% Schools havining Electricity,% Schools with Computer,% Schools Providing Mid-day Meal*,Number of Districts3 .C6overed,Total Schools,Total Government Schools,Total Private Schools,Ratio of Primary to U.PrimarySch./S9.e3c.,Primary Sch./Sec.per 1000 Child Popln.,U.Prim. Sch./Sec.per 1000 Child Popln.,% Single-Teacher Schools with Enr.≥15,% Enrolment in Single-Teacher Schools,% Schools with Enrolm5e.2nt ≤ 50,% Schools with Fema4le.7 Teachers
punjab_result.csv,(intercept),Total Teachers (Elementary),% Teachers: Government,% Teachers: Private Aided,% Teachers: Private Unaided,Pupil-Teacher Ratio: Elementary,% Female Teachers,% SC Teachers,% ST Teachers,% OBC Teachers,% Teachers Recieved in-Service Training,,Enrolment: Classes I-V,Enrolment: Classes VI-VIII,"Enrolment: Classes I-V, Government","Enrolment:Classes VI-VIII,Go9v2e.0rnment","Enrolment: Classes I-V,6 P6.r7ivate","Enrolment: Classes VI-VIII, Private",% Girls Enrolment: Primary Le1v0e0l.0,% Girls Enrolment: U.Primary 1L0e0v.0el,Ratio of Girls Enr.to Boys: Primary,Ratio of Girls Enr.to Boys: U.Primary,% SC Enrolment: Classes I-VIII,% ST Enrolment: Classes  I-V9II1I.7,% OBC Enrolment: Primary Level,% OBC Enrolment:U.Primary Level,% Muslim Enrolment: Primar8y8 L.5evel,% Muslim Enrolment: U. P7r8im.1ary Level,Ratio of Grade V to I,Avg. Repetition Rate: Primary Level,Avg.Repetition Rate: U.Primary Level,Avg. Drop-out Rate: Primary L9e2v.6el,Retention Rate: Primary Level,Student-Classroom Ratio,% Schools with Drinking Water,% Schools with Common Toilet,% Schools with Boys' Toilet,% Schools with Girls' Toilet,% Schools with Boundarywall,% School with Playground Facility,% Schools with Ramp,% Schools havining Electricity,% Schools with Computer,% Schools Providing Mid-day Meal*,Number of Distri4c.t2s Covered,Total Schools,Total Government Schools,Total Private Schools,Ratio of Primary to U.PrimarySch./S14e.c0.,Primary Sch./Sec.per 1000 Child Popln.,U.Prim. Sch./Sec.per 1000 Child Popln.,% Single-Teacher Schools with Enr.≥15,% Enrolment in Single-Teacher Schools,% Schools with Enr6o.l2ment ≤ 50,% Schools with F4e.5male Teachers
sikkim_result.csv,(intercept),Total Teachers (Elementary),% Teachers: Government,% Teachers: Private Aided,% Teachers: Private Unaided,Pupil-Teacher Ratio: Elementary,% Female Teachers,% SC Teachers,% ST Teachers,% OBC Teachers,% Teachers Recieved in-Service Training,% Contract Teachers to Total Teachers,Enrolment: Classes I-V,Enrolment: Classes VI-VIII,"Enrolment: Classes I-V, Government","Enrolment:Classe36s. 1VI-VIII,Government","Enrolment: Clas3s2e.s3 I-V, Private","Enrolment: Classes VI-VIII, Private",% Girls Enrolment:4 3P.r9imary Level,% Girls Enrolmen3t6: .U6 .Primary Level,Ratio of Girls Enr.to Boys: Primary,Ratio of Girls Enr.to Boys: U.Primary,% SC Enrolment: Classes I-VIII,% ST Enrolment: C4la4s.7ses  I-VIII,% OBC Enrolment: Primary Level,% OBC Enrolment:U.Primary Level,% Muslim Enrolmen4t6: .P4 rimary Level,% Muslim Enrolm33e.3nt: U. Primary Level,Ratio of Grade V to I,Avg. Repetition Rate: Primary Level,Avg.Repetition Rate: U.Primary Level,Avg. Drop-out Rate: P53ri.m8 ary Level,Retention Rate: Primary Level,Student-Classroom Ratio,% Schools with Drinking Water,% Schools with Common Toilet,% Schools with Boys' Toilet,% Schools with Girls' Toilet,% Schools with Boundarywall,% School with Playground Facility,% Schools with Ramp,% Schools havining Electricity,% Schools with Computer,% Schools Providing Mid-day Meal*,Number of Districts Covered 7.3,Total Schools,Total Government Schools,Total Private Schools,Ratio of Primary to U.PrimaryS7c.7h./Sec.,Primary Sch./Sec.per 1000 Child Popln.,U.Prim. Sch./Sec.per 1000 Child Popln.,% Single-Teacher Schools with Enr.≥15,% Enrolment in Single-Teacher Schools,% Schools with Enrolment ≤7 5.00,
haryana_result.csv,(intercept),Total Teachers (Elementary),% Teachers: Government,% Teachers: Private Aided,% Teachers: Private Unaided,Pupil-Teacher Ratio: Elementary,% Female Teachers,% SC Teachers,% ST Teachers,% OBC Teachers,% Teachers Recieved in-Service Training,,Enrolment: Classes I-V,Enrolment: Classes VI-VIII,"Enrolment: Classes I-V, Government","Enrolment:Classes VI-VIII,Go88v.e8rnment","Enrolment: Classes I-V, Private97.5","Enrolment: Classes VI-VIII, Private",% Girls Enrolment: Primary L9e1v.6el,% Girls Enrolment: U.Primary 9L8e.1vel,Ratio of Girls Enr.to Boys: Primary,Ratio of Girls Enr.to Boys: U.Primary,% SC Enrolment: Classes I-VIII,% ST Enrolment: Classes  I-V9I3I.I8,% OBC Enrolment: Primary Level,% OBC Enrolment:U.Primary Level,% Muslim Enrolment: Primary9 L5.e2vel,% Muslim Enrolment: U. Prim9a5ry.3 Level,Ratio of Grade V to I,Avg. Repetition Rate: Primary Level,Avg.Repetition Rate: U.Primary Level,Avg. Drop-out Rate: Primary L9e6v.7el,Retention Rate: Primary Level,Student-Classroom Ratio,% Schools with Drinking Water,% Schools with Common Toilet,% Schools with Boys' Toilet,% Schools with Girls' Toilet,% Schools with Boundarywall,% School with Playground Facility,% Schools with Ramp,% Schools havining Electricity,% Schools with Computer,% Schools Providing Mid-day Meal*,Number of Distric4t.s5 Covered,Total Schools,Total Government Schools,Total Private Schools,Ratio of Primary to U.PrimaryS1c1h.6./Sec.,Primary Sch./Sec.per 1000 Child Popln.,U.Prim. Sch./Sec.per 1000 Child Popln.,% Single-Teacher Schools with Enr.≥15,% Enrolment in Single-Teacher Schools,% Schools with Enro6lm.7ent ≤ 50,% Schools with F4e.m8 ale Teachers
goa_result.csv,(intercept),Total Teachers (Elementary),% Teachers: Government,% Teachers: Private Aided,% Teachers: Private Unaided,Pupil-Teacher Ratio: Elementary,% Female Teachers,% SC Teachers,% ST Teachers,% OBC Teachers,% Teachers Recieved in-Service Training,% Contract Teachers to Total Teachers,Enrolment: Classes I-V,Enrolment: Classes VI-VIII,"Enrolment: Classes I-V, Government","Enrolment:Classes VI-VIII,Gov9e5r.2nment","Enrolment: Classes I-V,6 P6.r7ivate","Enrolment: Classes VI-VIII, Private",% Girls Enrolment: Primary Le9v6e.7l,% Girls Enrolment: U.Prima8ry4 .L1evel,Ratio of Girls Enr.to Boys: Primary,Ratio of Girls Enr.to Boys: U.Primary,% SC Enrolment: Classes I-VIII,% ST Enrolment: Classes  I-VI9II5.5,% OBC Enrolment: Primary Level,% OBC Enrolment:U.Primary Level,% Muslim Enrolment: Primary 9L5e.v6el,% Muslim Enrolment: U. Pri8m4.a3ry Level,Ratio of Grade V to I,Avg. Repetition Rate: Primary Level,Avg.Repetition Rate: U.Primary Level,Avg. Drop-out Rate: Primary Le96v.e7l,Retention Rate: Primary Level,Student-Classroom Ratio,% Schools with Drinking Water,% Schools with Common Toilet,% Schools with Boys' Toilet,% Schools with Girls' Toilet,% Schools with Boundarywall,% School with Playground Facility,% Schools with Ramp,% Schools havining Electricity,% Schools with Computer,% Schools Providing Mid-day Meal*,Number of Di2st.8ricts Covered,Total Schools,Total Governmen5t .S2chools,Total Private 2S.c8hools,Ratio of Primary to U.Primary1S0.c6h./Sec.,Primary Sch./Sec.per 1000 Child Popln.,U.Prim. Sch./Se4c.3.per 1000 Child Popln.,% Single-Teacher Schools with Enr.≥15,% Enrolment in Single-Teacher Schools,% Schools with E4n.7rolment ≤ 50,% Schools wi2th.6 Female Teachers
chandigarh_result.csv,(intercept),Total Teachers (Elementary),% Teachers: Government,% Teachers: Private Aided,% Teachers: Private Unaided,Pupil-Teacher Ratio: Elementary,% Female Teachers,% SC Teachers,% ST Teachers,% OBC Teachers,% Teachers Recieved in-Service Training,% Contract Teachers to Total Teachers,Enrolment: Classes I-V,Enrolment: Classes VI-VIII,"Enrolment: Classes I-V, Government","Enrolment:Classes VI-VIII,Gove99rn.9ment","Enrolment: Classes I-V, Privat1e00.0","Enrolment: Classes VI-VIII, Private",% Girls Enrolment: Primary Le9v8e.l8,% Girls Enrolment: U.Primary L9e9.v6el,Ratio of Girls Enr.to Boys: Primary,Ratio of Girls Enr.to Boys: U.Primary,% SC Enrolment: Classes I-VIII,% ST Enrolment: Classes  I-VII9I 9.4,% OBC Enrolment: Primary Level,% OBC Enrolment:U.Primary Level,% Muslim Enrolment: Primary 9L8e.v8el,% Muslim Enrolment: U. Prima9r7y. 4Level,Ratio of Grade V to I,Avg. Repetition Rate: Primary Level,Avg.Repetition Rate: U.Primary Level,Avg. Drop-out Rate: Primary Le9v9e.1l,Retention Rate: Primary Level,Student-Classroom Ratio,% Schools with Drinking Water,% Schools with Common Toilet,% Schools with Boys' Toilet,% Schools with Girls' Toilet,% Schools with Boundarywall,% School with Playground Facility,% Schools with Ramp,% Schools havining Electricity,% Schools with Computer,,Number of Districts Cove16re.6d,Total Schools,Total Government Schools,Total Private Schools,Ratio of Primary to U.PrimarySch2./6S.1ec.,Primary Sch./Sec.per 1000 Child Popln.,U.Prim. Sch./Sec.per 1000 Child Popln.,% Single-Teacher Schools with Enr.≥15,% Enrolment in Single-Teacher Schools,% Schools with Enrolment 2≤0 5.00,% Schools with Female Te1a8c.h9ers
puducherry_result.csv,(intercept),Total Teachers (Elementary),% Teachers: Government,% Teachers: Private Aided,% Teachers: Private Unaided,Pupil-Teacher Ratio: Elementary,% Female Teachers,% SC Teachers,% ST Teachers,% OBC Teachers,% Teachers Recieved in-Service Training,% Contract Teachers to Total Teachers,Enrolment: Classes I-V,Enrolment: Classes VI-VIII,"Enrolment: Classes I-V, Government","Enrolment:Classes VI-VIII,Gov9e7r.n6ment","Enrolment: Classes I-V, Priva9t1e.5","Enrolment: Classes VI-VIII, Private",% Girls Enrolment: Primary Le9v7e.l7,% Girls Enrolment: U.Primary9 L1.e9vel,Ratio of Girls Enr.to Boys: Primary,Ratio of Girls Enr.to Boys: U.Primary,% SC Enrolment: Classes I-VIII,% ST Enrolment: Classes  I-VI9II8.8,% OBC Enrolment: Primary Level,% OBC Enrolment:U.Primary Level,% Muslim Enrolment: Primary L9e8v.6el,% Muslim Enrolment: U. Prima9r6y. 7Level,Ratio of Grade V to I,Avg. Repetition Rate: Primary Level,Avg.Repetition Rate: U.Primary Level,Avg. Drop-out Rate: Primary L9e9v.e9l,Retention Rate: Primary Level,Student-Classroom Ratio,% Schools with Drinking Water,% Schools with Common Toilet,% Schools with Boys' Toilet,% Schools with Girls' Toilet,% Schools with Boundarywall,% School with Playground Facility,% Schools with Ramp,% Schools havining Electricity,% Schools with Computer,,Number of Districts 8C.1overed,Total Schools,Total Government Schools,Total Private Schools,Ratio of Primary to U.PrimaryS14c.h9./Sec.,Primary Sch./Sec.per 1000 Child Popln.,U.Prim. Sch./Sec.per 1000 Child Popln.,% Single-Teacher Schools with Enr.≥15,% Enrolment in Single-Teacher Schools,% Schools with Enro8lm.9ent ≤ 50,
madhya_result.csv,(intercept),Total Teachers (Elementary),% Teachers: Government,% Teachers: Private Aided,% Teachers: Private Unaided,Pupil-Teacher Ratio: Elementary,% Female Teachers,% SC Teachers,% ST Teachers,% OBC Teachers,% Teachers Recieved in-Service Training,,Enrolment: Classes I-V,Enrolment: Classes VI-VIII,"Enrolment: Classes I-V, Government","Enrolment:Classes VI-6V1I.I2I,Government","Enrolment: Clas3s2e.s5 I-V, Private","Enrolment: Classes VI-VIII, Private",% Girls Enrolment: Prima7r1y.6 Level,% Girls Enrolment3:9 U.9.Primary Level,Ratio of Girls Enr.to Boys: Primary,Ratio of Girls Enr.to Boys: U.Primary,% SC Enrolment: Classes I-VIII,% ST Enrolment: Classe6s9  .I0-VIII,% OBC Enrolment: Primary Level,% OBC Enrolment:U.Primary Level,% Muslim Enrolment: Pr6im8.a3ry Level,% Muslim Enr2o2lm.9ent: U. Primary Level,Ratio of Grade V to I,Avg. Repetition Rate: Primary Level,Avg.Repetition Rate: U.Primary Level,Avg. Drop-out Rate: Prima7r6y. 9Level,Retention Rate: Primary Level,Student-Classroom Ratio,% Schools with Drinking Water,% Schools with Common Toilet,% Schools with Boys' Toilet,% Schools with Girls' Toilet,% Schools with Boundarywall,% School with Playground Facility,% Schools with Ramp,% Schools havining Electricity,% Schools with Computer,% Schools Providing Mid-day Meal*,Number of Distric3t.s1 Covered,Total Schools,Total Government Schools,Total Private Schools,Ratio of Primary to U.PrimaryS7.c5h./Sec.,Primary Sch./Sec.per 1000 Child Popln.,U.Prim. Sch./Sec.per 1000 Child Popln.,% Single-Teacher Schools with Enr.≥15,% Enrolment in Single-Teacher Schools,% Schools with Enro4.lm2 ent ≤ 50,% Schools with Fe3m.3ale Teachers
andhra_result.csv,(intercept),Total Teachers (Elementary),% Teachers: Government,% Teachers: Private Aided,% Teachers: Private Unaided,Pupil-Teacher Ratio: Elementary,% Female Teachers,% SC Teachers,% ST Teachers,% OBC Teachers,% Teachers Recieved in-Service Training,,Enrolment: Classes I-V,Enrolment: Classes VI-VIII,"Enrolment: Classes I-V, Government","Enrolment:Classes VI-VIII,Go8v9.e6rnment","Enrolment: Classe4s1 .I3-V, Private","Enrolment: Classes VI-VIII, Private",% Girls Enrolment: Primary Le9v4e.6l,% Girls Enrolment: 4U7..P1rimary Level,Ratio of Girls Enr.to Boys: Primary,Ratio of Girls Enr.to Boys: U.Primary,% SC Enrolment: Classes I-VIII,% ST Enrolment: Classes  I-VI9II5.6,% OBC Enrolment: Primary Level,% OBC Enrolment:U.Primary Level,% Muslim Enrolment: Primary 9L6e.v3el,% Muslim Enrolment: U. Pr8im3.a8ry Level,Ratio of Grade V to I,Avg. Repetition Rate: Primary Level,Avg.Repetition Rate: U.Primary Level,Avg. Drop-out Rate: Primary Le9v7e.9l,Retention Rate: Primary Level,Student-Classroom Ratio,% Schools with Drinking Water,% Schools with Common Toilet,% Schools with Boys' Toilet,% Schools with Girls' Toilet,% Schools with Boundarywall,% School with Playground Facility,% Schools with Ramp,% Schools havining Electricity,% Schools with Computer,% Schools Providing Mid-day Meal*,Number of Distric2t.9s Covered,Total Schools,Total Government Schools,Total Private Schools,Ratio of Primary to U.PrimarySch./9S.e2c.,Primary Sch./Sec.per 1000 Child Popln.,U.Prim. Sch./Sec.per 1000 Child Popln.,% Single-Teacher Schools with Enr.≥15,% Enrolment in Single-Teacher Schools,% Schools with Enrol4m.7ent ≤ 50,% Schools with F3e.m2 ale Teachers
rajasthan_result.csv,(intercept),Total Teachers (Elementary),% Teachers: Government,% Teachers: Private Aided,% Teachers: Private Unaided,Pupil-Teacher Ratio: Elementary,% Female Teachers,% SC Teachers,% ST Teachers,% OBC Teachers,% Teachers Recieved in-Service Training,% Contract Teachers to Total Teachers,Enrolment: Classes I-V,Enrolment: Classes VI-VIII,"Enrolment: Classes I-V, Government","Enrolment:Classes VI-VIII,G82o.v6ernment","Enrolment: Classes I-V, Pri8v2a.t7e","Enrolment: Classes VI-VIII, Private",% Girls Enrolment: Primary 8L6e.0vel,% Girls Enrolment: U.Prim7a9ry.1 Level,Ratio of Girls Enr.to Boys: Primary,Ratio of Girls Enr.to Boys: U.Primary,% SC Enrolment: Classes I-VIII,% ST Enrolment: Classes  I-V88II.I0,% OBC Enrolment: Primary Level,% OBC Enrolment:U.Primary Level,% Muslim Enrolment: Primary8 9L.6evel,% Muslim Enrolment: U. P7ri9m.9ary Level,Ratio of Grade V to I,Avg. Repetition Rate: Primary Level,Avg.Repetition Rate: U.Primary Level,Avg. Drop-out Rate: Primary L9e1.v7el,Retention Rate: Primary Level,Student-Classroom Ratio,% Schools with Drinking Water,% Schools with Common Toilet,% Schools with Boys' Toilet,% Schools with Girls' Toilet,% Schools with Boundarywall,% School with Playground Facility,% Schools with Ramp,% Schools havining Electricity,% Schools with Computer,% Schools Providing Mid-day Meal*,Number of Districts 4C.0overed,Total Schools,Total Government Schools,Total Private Schools,Ratio of Primary to U.PrimarySc8h.0./Sec.,Primary Sch./Sec.per 1000 Child Popln.,U.Prim. Sch./Sec.per 1000 Child Popln.,% Single-Teacher Schools with Enr.≥15,% Enrolment in Single-Teacher Schools,% Schools with Enrolm4.8ent ≤ 50,% Schools with Fe3m.6ale Teachers
tamil_nadu_result.csv,(intercept),Total Teachers (Elementary),% Teachers: Government,% Teachers: Private Aided,% Teachers: Private Unaided,Pupil-Teacher Ratio: Elementary,% Female Teachers,% SC Teachers,% ST Teachers,% OBC Teachers,% Teachers Recieved in-Service Training,% Contract Teachers to Total Teachers,Enrolment: Classes I-V,Enrolment: Classes VI-VIII,"Enrolment: Classes I-V, Government","Enrolment:Classes VI-VIII,Gov94e.r5nment","Enrolment: Classes I-V, Priva88te.9","Enrolment: Classes VI-VIII, Private",% Girls Enrolment: Primary Le9v6e.1l,% Girls Enrolment: U.Primar8y7 L.6evel,Ratio of Girls Enr.to Boys: Primary,Ratio of Girls Enr.to Boys: U.Primary,% SC Enrolment: Classes I-VIII,% ST Enrolment: Classes  I-VII9I7.2,% OBC Enrolment: Primary Level,% OBC Enrolment:U.Primary Level,% Muslim Enrolment: Primary 9L7e.v0el,% Muslim Enrolment: U. Prim9a3r.y5 Level,Ratio of Grade V to I,Avg. Repetition Rate: Primary Level,Avg.Repetition Rate: U.Primary Level,Avg. Drop-out Rate: Primary Le9v8e.0l,Retention Rate: Primary Level,Student-Classroom Ratio,% Schools with Drinking Water,% Schools with Common Toilet,% Schools with Boys' Toilet,% Schools with Girls' Toilet,% Schools with Boundarywall,% School with Playground Facility,% Schools with Ramp,% Schools havining Electricity,% Schools with Computer,,Number of Districts 4C.7overed,Total Schools,Total Government Schools,Total Private Schools,Ratio of Primary to U.PrimarySch1.0/S.3ec.,Primary Sch./Sec.per 1000 Child Popln.,U.Prim. Sch./Sec.per 1000 Child Popln.,% Single-Teacher Schools with Enr.≥15,% Enrolment in Single-Teacher Schools,% Schools with Enrolm6e.2nt ≤ 50,% Schools with Fe4m.2ale Teachers
,,,,,,,,,,,,,,,,,,,,,,,,,,,,,,,,,,,,,,,,,,,,,,,,,,,,,,,
,,,,,,,,,,,,,,,,,,,,,,,,,,,,,,,,,,,,,,,,,,,,,,,,,,,,,,,
,,,,,,,,,,,,,,,,,,,,,,,,,,,,,,,,,,,,,,,,,,,,,,,,,,,,,,,
,,,,,,,,,,,,,Number of Districts Covered,,,,,,,,,,,,,,,,,,,,,,,,,,,,,,,,,,,,,,,,,,
,,,,,,,,,,,,,Avg. Drop-out Rate: Primary Level,,,,,,,,,,,,,,,,,,,,,,,,,,,,,,,,,,,,,,,,,,
,,,,,,,,,,,,,% Muslim Enrolment: U. Primary Level,,,,,,,,,,,,,,,,,,,,,,,,,,,,,,,,,,,,,,,,,,
,,,,,,,,,,,,,% Muslim Enrolment: Primary Level,,,,,,,,,,,,,,,,,,,,,,,,,,,,,,,,,,,,,,,,,,
,,,,,,,,,,,,,% OBC Enrolment: Primary Level,,,,,,,,,,,,,,,,,,,,,,,,,,,,,,,,,,,,,,,,,,
,,,,,,,,,,,,,% ST Enrolment: Classes  I-VIII,,,,,,,,,,,,,,,,,,,,,,,,,,,,,,,,,,,,,,,,,,
,,,,,,,,,,,,,% Girls Enrolment: U.Primary Level,,,,,,,,,,,,,,,,,,,,,,,,,,,,,,,,,,,,,,,,,,
,,,,,,,,,,,,,"Enrolment:Classes VI-VIII,Government",,,,,,,,,,,,,,,,,,,,,,,,,,,,,,,,,,,,,,,,,,
,,,,,,,,,,,,,"Enrolment: Classes I-V, Private",,,,,,,,,,,,,,,,,,,,,,,,,,,,,,,,,,,,,,,,,,
,,,,,,,,,,,,,% Girls Enrolment: Primary Level,,,,,,,,,,,,,,,,,,,,,,,,,,,,,,,,,,,,,,,,,,
